bucket,NEGATIVE,POSITIVE,total,positive_rate,negative_rate,sentiment_score
AI/Food Logging,92,72,164,0.43902439024390244,0.5609756097560976,-0.12195121951219517
Cost/Value,125,33,158,0.2088607594936709,0.7911392405063291,-0.5822784810126582
Engagement/Coach Support,24,32,56,0.5714285714285714,0.42857142857142855,0.14285714285714285
Personalization,12,26,38,0.6842105263157895,0.3157894736842105,0.368421052631579
Usability/Technical,76,20,96,0.20833333333333334,0.7916666666666666,-0.5833333333333333
